url,label
https://www.cloudflare.com/about,0
https://scikit-learn.org/docs/index.html,0
https://www.cisco.com/about?ref=658&lang=en,0
https://github.com/help/faq/getting-started,0
https://www.google.com/about,0
https://www.stanford.edu/help/faq/getting-started,0
https://www.apple.com/courses/cs101/lecture1?ref=658&lang=en,0
https://www.bbc.com/docs/index.html,0
https://scikit-learn.org/article/view/987654?ref=877&lang=en,0
https://www.intel.com/contact?ref=448&lang=en,0
https://scikit-learn.org/contact,0
https://www.adobe.com/search?q=machine+learning,0
https://www.nytimes.com/about,0
https://www.reddit.com/help/faq/getting-started,0
https://www.wikipedia.org/courses/cs101/lecture1,0
https://stackoverflow.com/en-US/firefox/new/,0
https://www.youtube.com/download/release-v2.1?ref=982&lang=en,0
https://www.reddit.com/help/faq/getting-started,0
https://github.com?ref=891&lang=en,0
https://www.youtube.com/about?ref=987&lang=en,0
https://stackoverflow.com/en-US/firefox/new/,0
https://www.cloudflare.com/download/release-v2.1,0
https://www.reddit.com/search?q=machine+learning,0
https://scikit-learn.org/courses/cs101/lecture1?ref=763&lang=en,0
https://github.com/help/faq/getting-started?ref=646&lang=en,0
https://www.cisco.com/docs/index.html,0
https://www.nytimes.com/products/category/item123?ref=755&lang=en,0
https://www.oracle.com/api/v1/resource,0
https://www.linkedin.com/download/release-v2.1?ref=157&lang=en,0
https://www.python.org/download/release-v2.1,0
https://www.linkedin.com/en-US/firefox/new/,0
https://www.apple.com/help/faq/getting-started?ref=422&lang=en,0
https://www.apple.com/blog/2026/01/tech-update,0
https://www.netflix.com/blog/2026/01/tech-update,0
https://scikit-learn.org/contact,0
https://www.harvard.edu/api/v1/resource,0
https://www.gov.uk/en-US/firefox/new/?ref=508&lang=en,0
https://www.reddit.com/docs/index.html?ref=241&lang=en,0
https://www.stanford.edu/user/profile/settings,0
https://www.wikipedia.org/download/release-v2.1,0
https://www.cloudflare.com/contact?ref=532&lang=en,0
https://www.nasa.gov/about,0
https://www.nasa.gov/user/profile/settings,0
https://www.harvard.edu/download/release-v2.1?ref=796&lang=en,0
https://www.cisco.com/about?ref=649&lang=en,0
https://www.adobe.com/products/category/item123?ref=448&lang=en,0
https://stackoverflow.com/products/category/item123,0
https://www.cnn.com?ref=996&lang=en,0
https://www.cisco.com/products/category/item123?ref=880&lang=en,0
https://www.amazon.com/api/v1/resource?ref=991&lang=en,0
https://www.cloudflare.com/products/category/item123?ref=619&lang=en,0
https://www.nasa.gov/docs/index.html,0
https://www.adobe.com/contact,0
https://www.adobe.com/api/v1/resource?ref=713&lang=en,0
https://www.linkedin.com/user/profile/settings,0
https://www.coursera.org/search?q=machine+learning?ref=951&lang=en,0
https://www.intel.com/products/category/item123,0
https://www.python.org/help/faq/getting-started?ref=187&lang=en,0
https://www.cisco.com/user/profile/settings?ref=878&lang=en,0
https://www.harvard.edu/article/view/987654,0
https://www.ibm.com/user/profile/settings?ref=269&lang=en,0
https://scikit-learn.org/api/v1/resource?ref=533&lang=en,0
https://www.apple.com/api/v1/resource?ref=806&lang=en,0
https://www.apple.com/courses/cs101/lecture1,0
https://www.ibm.com/blog/2026/01/tech-update,0
https://www.netflix.com/api/v1/resource,0
https://www.python.org/docs/index.html,0
https://www.google.com/help/faq/getting-started,0
https://www.gov.uk/docs/index.html,0
https://www.oracle.com/blog/2026/01/tech-update,0
https://github.com?ref=172&lang=en,0
https://www.stanford.edu/docs/index.html,0
https://www.mit.edu/docs/index.html,0
https://www.cisco.com/help/faq/getting-started,0
https://www.python.org/article/view/987654,0
https://www.bbc.com/docs/index.html,0
https://www.ibm.com/en-US/firefox/new/,0
https://www.bbc.com/user/profile/settings?ref=155&lang=en,0
https://www.ibm.com/blog/2026/01/tech-update?ref=200&lang=en,0
https://www.wikipedia.org/en-US/firefox/new/?ref=919&lang=en,0
https://www.spotify.com/about,0
https://www.apple.com/api/v1/resource,0
https://www.bbc.com/contact,0
https://www.python.org/download/release-v2.1?ref=553&lang=en,0
https://www.intel.com/download/release-v2.1?ref=200&lang=en,0
https://www.wikipedia.org/blog/2026/01/tech-update?ref=956&lang=en,0
https://www.google.com/about?ref=969&lang=en,0
https://www.python.org/contact,0
https://www.mit.edu/docs/index.html?ref=160&lang=en,0
https://www.amazon.com/en-US/firefox/new/,0
https://www.nytimes.com/products/category/item123?ref=903&lang=en,0
https://www.cnn.com/products/category/item123,0
https://www.cisco.com/article/view/987654,0
https://www.oracle.com/user/profile/settings,0
https://www.youtube.com/docs/index.html?ref=693&lang=en,0
https://www.cisco.com/api/v1/resource,0
https://www.linkedin.com,0
https://www.mit.edu/api/v1/resource?ref=643&lang=en,0
https://www.amazon.com?ref=182&lang=en,0
https://www.spotify.com/contact,0
https://github.com/blog/2026/01/tech-update?ref=513&lang=en,0
https://stackoverflow.com/help/faq/getting-started,0
https://www.nasa.gov?ref=529&lang=en,0
https://www.ibm.com/help/faq/getting-started,0
https://www.linkedin.com/products/category/item123,0
https://www.oracle.com/search?q=machine+learning,0
https://www.nytimes.com/contact?ref=407&lang=en,0
https://www.cnn.com/search?q=machine+learning?ref=174&lang=en,0
https://www.google.com/user/profile/settings?ref=676&lang=en,0
https://stackoverflow.com/about,0
https://www.stanford.edu/products/category/item123,0
https://www.reddit.com/about?ref=478&lang=en,0
https://www.youtube.com/contact,0
https://www.harvard.edu/courses/cs101/lecture1,0
https://www.intel.com/blog/2026/01/tech-update,0
https://www.ibm.com/download/release-v2.1,0
https://www.coursera.org/blog/2026/01/tech-update,0
https://www.netflix.com/contact,0
https://www.netflix.com/about?ref=259&lang=en,0
https://scikit-learn.org/products/category/item123?ref=834&lang=en,0
https://www.linkedin.com/docs/index.html?ref=973&lang=en,0
https://scikit-learn.org/api/v1/resource,0
https://www.netflix.com/download/release-v2.1,0
https://www.cloudflare.com/en-US/firefox/new/?ref=145&lang=en,0
https://www.google.com/search?q=machine+learning?ref=752&lang=en,0
https://scikit-learn.org/contact?ref=664&lang=en,0
https://www.oracle.com/en-US/firefox/new/,0
https://stackoverflow.com/about?ref=807&lang=en,0
https://www.netflix.com/contact,0
https://www.nvidia.com/search?q=machine+learning,0
https://www.microsoft.com/en-US/firefox/new/,0
https://www.youtube.com/search?q=machine+learning?ref=915&lang=en,0
https://www.spotify.com?ref=315&lang=en,0
https://www.ibm.com/docs/index.html?ref=462&lang=en,0
https://www.adobe.com/api/v1/resource?ref=516&lang=en,0
https://www.nasa.gov/courses/cs101/lecture1,0
https://www.coursera.org/docs/index.html?ref=919&lang=en,0
https://www.intel.com/contact?ref=125&lang=en,0
https://www.amazon.com/courses/cs101/lecture1?ref=901&lang=en,0
https://www.coursera.org/en-US/firefox/new/?ref=984&lang=en,0
https://www.cisco.com/article/view/987654,0
https://www.amazon.com/article/view/987654?ref=491&lang=en,0
https://www.spotify.com?ref=327&lang=en,0
https://www.apple.com/download/release-v2.1?ref=458&lang=en,0
https://www.youtube.com/download/release-v2.1?ref=333&lang=en,0
https://www.python.org?ref=508&lang=en,0
https://www.linkedin.com/products/category/item123?ref=891&lang=en,0
https://scikit-learn.org/search?q=machine+learning?ref=509&lang=en,0
https://www.ibm.com/download/release-v2.1,0
https://www.google.com/about?ref=367&lang=en,0
https://www.amazon.com/help/faq/getting-started?ref=371&lang=en,0
https://www.wikipedia.org/about,0
https://www.reddit.com/courses/cs101/lecture1?ref=546&lang=en,0
https://www.nasa.gov/api/v1/resource,0
https://www.netflix.com/help/faq/getting-started,0
https://www.wikipedia.org/courses/cs101/lecture1,0
https://www.stanford.edu/article/view/987654,0
https://www.cisco.com/courses/cs101/lecture1?ref=301&lang=en,0
https://www.reddit.com/en-US/firefox/new/,0
https://www.ibm.com/search?q=machine+learning?ref=779&lang=en,0
https://www.spotify.com/about?ref=407&lang=en,0
https://www.stanford.edu/products/category/item123?ref=434&lang=en,0
https://www.nytimes.com/courses/cs101/lecture1,0
https://www.microsoft.com/docs/index.html,0
https://www.nytimes.com/blog/2026/01/tech-update?ref=278&lang=en,0
https://www.nasa.gov/help/faq/getting-started,0
https://www.harvard.edu/download/release-v2.1,0
https://www.youtube.com/docs/index.html,0
https://www.gov.uk/help/faq/getting-started?ref=576&lang=en,0
https://www.cnn.com/user/profile/settings?ref=623&lang=en,0
https://www.mit.edu/article/view/987654?ref=915&lang=en,0
https://www.cisco.com/contact?ref=390&lang=en,0
https://www.stanford.edu/blog/2026/01/tech-update?ref=443&lang=en,0
https://github.com/download/release-v2.1?ref=340&lang=en,0
https://www.ibm.com/products/category/item123,0
https://www.apple.com/contact,0
https://www.python.org/user/profile/settings?ref=886&lang=en,0
https://github.com/user/profile/settings,0
https://www.cloudflare.com/help/faq/getting-started,0
https://www.oracle.com/en-US/firefox/new/,0
https://www.python.org/contact?ref=105&lang=en,0
https://www.netflix.com/article/view/987654?ref=209&lang=en,0
https://www.adobe.com/en-US/firefox/new/,0
https://www.intel.com/courses/cs101/lecture1,0
https://www.wikipedia.org/api/v1/resource,0
https://www.spotify.com/about,0
https://www.intel.com/user/profile/settings?ref=672&lang=en,0
https://www.nasa.gov/search?q=machine+learning?ref=553&lang=en,0
https://www.nasa.gov/download/release-v2.1?ref=616&lang=en,0
https://www.bbc.com/download/release-v2.1?ref=556&lang=en,0
https://www.netflix.com/contact?ref=586&lang=en,0
https://www.cnn.com/products/category/item123?ref=960&lang=en,0
https://www.cloudflare.com/products/category/item123?ref=633&lang=en,0
https://www.mit.edu/blog/2026/01/tech-update,0
https://www.cnn.com/about?ref=340&lang=en,0
https://scikit-learn.org/search?q=machine+learning,0
https://www.harvard.edu/about,0
https://www.python.org/en-US/firefox/new/?ref=823&lang=en,0
https://www.apple.com/about,0
https://www.linkedin.com/api/v1/resource,0
https://www.wikipedia.org/docs/index.html?ref=498&lang=en,0
https://www.netflix.com/article/view/987654,0
https://www.oracle.com?ref=883&lang=en,0
https://www.gov.uk/en-US/firefox/new/,0
https://www.reddit.com/products/category/item123?ref=973&lang=en,0
https://www.netflix.com/download/release-v2.1,0
https://www.cisco.com/courses/cs101/lecture1,0
https://www.nasa.gov/docs/index.html,0
https://scikit-learn.org/en-US/firefox/new/,0
https://www.nytimes.com/search?q=machine+learning?ref=917&lang=en,0
https://www.nytimes.com/courses/cs101/lecture1,0
https://www.cnn.com/contact?ref=646&lang=en,0
https://www.google.com/en-US/firefox/new/,0
https://www.ibm.com,0
https://www.bbc.com/contact?ref=286&lang=en,0
https://www.wikipedia.org/products/category/item123,0
https://www.apple.com/user/profile/settings,0
https://www.adobe.com/en-US/firefox/new/,0
https://www.nvidia.com/en-US/firefox/new/,0
https://github.com/user/profile/settings,0
https://www.harvard.edu?ref=458&lang=en,0
https://www.python.org/blog/2026/01/tech-update,0
https://www.cloudflare.com?ref=353&lang=en,0
https://www.apple.com/download/release-v2.1,0
https://www.microsoft.com/docs/index.html,0
https://www.ibm.com/about,0
https://www.apple.com/user/profile/settings?ref=885&lang=en,0
https://www.reddit.com/contact?ref=865&lang=en,0
https://www.oracle.com/about?ref=267&lang=en,0
https://www.youtube.com/about,0
https://www.coursera.org/products/category/item123,0
https://www.coursera.org/en-US/firefox/new/,0
https://www.oracle.com/docs/index.html,0
https://www.oracle.com/download/release-v2.1?ref=204&lang=en,0
https://www.oracle.com/article/view/987654,0
https://www.ibm.com/help/faq/getting-started?ref=915&lang=en,0
https://www.gov.uk/article/view/987654,0
https://www.harvard.edu/en-US/firefox/new/?ref=170&lang=en,0
https://www.stanford.edu/blog/2026/01/tech-update,0
https://www.spotify.com/en-US/firefox/new/?ref=208&lang=en,0
https://www.bbc.com/search?q=machine+learning?ref=948&lang=en,0
https://www.cnn.com/courses/cs101/lecture1,0
https://www.amazon.com/courses/cs101/lecture1,0
https://www.cloudflare.com/products/category/item123?ref=651&lang=en,0
https://www.adobe.com/user/profile/settings,0
https://www.nvidia.com/courses/cs101/lecture1,0
https://www.linkedin.com/download/release-v2.1,0
https://www.coursera.org/about,0
https://www.cnn.com/docs/index.html?ref=683&lang=en,0
https://www.nasa.gov/blog/2026/01/tech-update,0
https://www.google.com/user/profile/settings?ref=286&lang=en,0
https://www.mit.edu/docs/index.html,0
https://scikit-learn.org/search?q=machine+learning,0
https://www.nasa.gov/courses/cs101/lecture1?ref=669&lang=en,0
https://www.google.com/api/v1/resource?ref=187&lang=en,0
https://www.python.org/courses/cs101/lecture1,0
https://www.harvard.edu/article/view/987654,0
https://www.mit.edu/blog/2026/01/tech-update?ref=558&lang=en,0
https://www.intel.com,0
https://www.python.org/en-US/firefox/new/?ref=413&lang=en,0
https://www.ibm.com/help/faq/getting-started,0
https://www.harvard.edu/api/v1/resource,0
https://www.cisco.com/api/v1/resource,0
https://www.oracle.com/user/profile/settings,0
https://scikit-learn.org/docs/index.html,0
https://www.apple.com/search?q=machine+learning,0
https://www.harvard.edu/article/view/987654?ref=296&lang=en,0
https://www.apple.com/courses/cs101/lecture1,0
https://www.cisco.com/help/faq/getting-started?ref=637&lang=en,0
https://www.nasa.gov/products/category/item123?ref=952&lang=en,0
https://www.apple.com/products/category/item123,0
https://www.amazon.com/products/category/item123,0
https://www.harvard.edu/contact,0
https://www.wikipedia.org/api/v1/resource,0
https://www.microsoft.com/blog/2026/01/tech-update?ref=602&lang=en,0
https://stackoverflow.com/download/release-v2.1,0
https://www.youtube.com/user/profile/settings,0
https://www.linkedin.com/contact?ref=358&lang=en,0
https://www.spotify.com/user/profile/settings,0
https://github.com/en-US/firefox/new/,0
https://www.gov.uk/blog/2026/01/tech-update?ref=255&lang=en,0
https://www.microsoft.com/article/view/987654,0
https://www.youtube.com/about?ref=221&lang=en,0
https://www.harvard.edu/article/view/987654,0
https://www.nasa.gov/article/view/987654?ref=894&lang=en,0
https://www.stanford.edu/en-US/firefox/new/,0
https://www.cnn.com/products/category/item123?ref=539&lang=en,0
https://www.youtube.com/help/faq/getting-started?ref=724&lang=en,0
https://www.cisco.com/about?ref=312&lang=en,0
https://www.cloudflare.com/docs/index.html,0
https://github.com/contact,0
https://www.harvard.edu/about,0
https://www.bbc.com/user/profile/settings?ref=581&lang=en,0
https://www.youtube.com,0
https://www.oracle.com/products/category/item123?ref=564&lang=en,0
https://github.com/blog/2026/01/tech-update,0
https://scikit-learn.org/article/view/987654?ref=703&lang=en,0
https://www.ibm.com/article/view/987654?ref=535&lang=en,0
https://stackoverflow.com/api/v1/resource,0
https://www.microsoft.com/products/category/item123?ref=173&lang=en,0
https://www.wikipedia.org/contact?ref=709&lang=en,0
https://www.cisco.com/download/release-v2.1,0
https://www.youtube.com/user/profile/settings,0
https://www.oracle.com/products/category/item123?ref=378&lang=en,0
https://www.stanford.edu/api/v1/resource,0
https://github.com/help/faq/getting-started,0
https://www.bbc.com/courses/cs101/lecture1,0
https://scikit-learn.org,0
https://www.ibm.com/download/release-v2.1?ref=701&lang=en,0
https://www.google.com/article/view/987654?ref=375&lang=en,0
https://www.gov.uk?ref=279&lang=en,0
https://www.mit.edu/api/v1/resource?ref=384&lang=en,0
https://www.amazon.com/help/faq/getting-started,0
https://www.nvidia.com/user/profile/settings?ref=581&lang=en,0
https://www.reddit.com/en-US/firefox/new/,0
https://www.ibm.com/about?ref=437&lang=en,0
https://www.bbc.com/courses/cs101/lecture1,0
https://www.ibm.com/en-US/firefox/new/?ref=663&lang=en,0
https://www.wikipedia.org/user/profile/settings,0
https://scikit-learn.org/search?q=machine+learning,0
https://www.adobe.com/en-US/firefox/new/?ref=944&lang=en,0
https://www.google.com/blog/2026/01/tech-update?ref=573&lang=en,0
https://www.bbc.com,0
https://www.reddit.com/help/faq/getting-started?ref=740&lang=en,0
https://www.cnn.com/article/view/987654,0
https://scikit-learn.org/api/v1/resource,0
https://www.youtube.com/user/profile/settings?ref=596&lang=en,0
https://stackoverflow.com?ref=723&lang=en,0
https://www.intel.com/docs/index.html?ref=418&lang=en,0
https://www.harvard.edu,0
https://github.com/docs/index.html?ref=216&lang=en,0
https://www.cnn.com/about?ref=257&lang=en,0
https://www.mit.edu/courses/cs101/lecture1,0
https://www.oracle.com/products/category/item123,0
https://www.mit.edu/user/profile/settings,0
https://www.harvard.edu/contact,0
https://www.coursera.org/help/faq/getting-started,0
https://www.netflix.com/contact?ref=382&lang=en,0
https://www.adobe.com/article/view/987654?ref=448&lang=en,0
https://www.coursera.org/article/view/987654,0
https://www.nvidia.com,0
https://www.youtube.com/download/release-v2.1,0
https://www.ibm.com/user/profile/settings?ref=557&lang=en,0
https://www.harvard.edu/user/profile/settings,0
https://www.harvard.edu/article/view/987654,0
https://www.cnn.com/search?q=machine+learning?ref=814&lang=en,0
https://www.python.org/help/faq/getting-started,0
https://www.spotify.com/article/view/987654,0
https://www.linkedin.com/courses/cs101/lecture1,0
https://www.coursera.org/article/view/987654,0
https://www.ibm.com/article/view/987654?ref=255&lang=en,0
https://www.mit.edu,0
https://www.gov.uk/search?q=machine+learning?ref=995&lang=en,0
https://www.spotify.com/user/profile/settings,0
https://www.coursera.org/user/profile/settings,0
https://www.microsoft.com/en-US/firefox/new/?ref=258&lang=en,0
https://github.com/user/profile/settings?ref=371&lang=en,0
https://www.linkedin.com/help/faq/getting-started?ref=765&lang=en,0
https://github.com/download/release-v2.1,0
https://www.ibm.com/download/release-v2.1,0
https://www.linkedin.com/blog/2026/01/tech-update?ref=877&lang=en,0
https://www.mit.edu/download/release-v2.1,0
https://www.nasa.gov/about,0
https://www.ibm.com/products/category/item123?ref=864&lang=en,0
https://github.com/en-US/firefox/new/?ref=878&lang=en,0
https://www.cloudflare.com/courses/cs101/lecture1?ref=554&lang=en,0
https://www.amazon.com/courses/cs101/lecture1,0
https://www.google.com,0
https://www.wikipedia.org/products/category/item123,0
https://www.bbc.com/contact,0
https://www.bbc.com/help/faq/getting-started?ref=284&lang=en,0
https://www.amazon.com/contact,0
https://www.spotify.com/en-US/firefox/new/?ref=346&lang=en,0
https://www.mit.edu/help/faq/getting-started,0
https://www.cnn.com/blog/2026/01/tech-update,0
https://scikit-learn.org/blog/2026/01/tech-update,0
https://www.intel.com/user/profile/settings?ref=793&lang=en,0
https://www.harvard.edu/contact,0
https://www.reddit.com/help/faq/getting-started,0
https://www.bbc.com/courses/cs101/lecture1,0
https://www.spotify.com/products/category/item123,0
https://www.nytimes.com/download/release-v2.1,0
https://www.python.org/en-US/firefox/new/,0
https://www.gov.uk/products/category/item123?ref=402&lang=en,0
https://www.google.com/download/release-v2.1?ref=381&lang=en,0
https://www.google.com/help/faq/getting-started?ref=896&lang=en,0
https://www.cisco.com?ref=863&lang=en,0
https://www.mit.edu/download/release-v2.1?ref=393&lang=en,0
https://www.adobe.com/article/view/987654,0
https://www.intel.com/search?q=machine+learning,0
https://www.apple.com/help/faq/getting-started,0
https://www.adobe.com/courses/cs101/lecture1?ref=797&lang=en,0
https://www.nvidia.com/contact?ref=742&lang=en,0
https://www.cloudflare.com,0
https://www.cnn.com,0
https://www.cisco.com/contact,0
https://www.youtube.com/search?q=machine+learning?ref=279&lang=en,0
https://www.apple.com/contact?ref=997&lang=en,0
https://www.reddit.com/api/v1/resource,0
https://scikit-learn.org/download/release-v2.1,0
https://www.coursera.org/download/release-v2.1?ref=925&lang=en,0
https://www.youtube.com/courses/cs101/lecture1?ref=923&lang=en,0
https://stackoverflow.com/user/profile/settings?ref=244&lang=en,0
https://www.adobe.com/docs/index.html?ref=841&lang=en,0
https://www.ibm.com/en-US/firefox/new/?ref=923&lang=en,0
https://www.harvard.edu/search?q=machine+learning,0
https://www.nytimes.com,0
https://stackoverflow.com/user/profile/settings,0
https://www.cisco.com/blog/2026/01/tech-update,0
https://www.nytimes.com/download/release-v2.1?ref=480&lang=en,0
https://stackoverflow.com/blog/2026/01/tech-update,0
https://www.google.com/help/faq/getting-started?ref=674&lang=en,0
https://www.linkedin.com/help/faq/getting-started,0
https://github.com/blog/2026/01/tech-update?ref=817&lang=en,0
https://www.youtube.com/blog/2026/01/tech-update,0
https://www.microsoft.com?ref=411&lang=en,0
https://www.mit.edu/about,0
https://www.netflix.com/api/v1/resource,0
https://www.cnn.com/search?q=machine+learning?ref=860&lang=en,0
https://www.oracle.com/api/v1/resource,0
https://www.cisco.com/courses/cs101/lecture1,0
https://www.bbc.com/blog/2026/01/tech-update,0
https://www.mit.edu/help/faq/getting-started,0
https://scikit-learn.org?ref=322&lang=en,0
https://www.cnn.com/user/profile/settings?ref=975&lang=en,0
https://www.reddit.com/about?ref=476&lang=en,0
https://www.harvard.edu/blog/2026/01/tech-update,0
https://www.nytimes.com/products/category/item123,0
https://stackoverflow.com/download/release-v2.1?ref=193&lang=en,0
https://www.ibm.com/docs/index.html?ref=711&lang=en,0
https://www.google.com?ref=349&lang=en,0
https://www.microsoft.com/article/view/987654,0
https://github.com/download/release-v2.1?ref=312&lang=en,0
https://www.gov.uk/docs/index.html?ref=338&lang=en,0
https://www.linkedin.com/article/view/987654,0
https://www.netflix.com/help/faq/getting-started,0
https://www.spotify.com/contact?ref=653&lang=en,0
https://scikit-learn.org/article/view/987654,0
https://www.ibm.com/download/release-v2.1,0
https://www.google.com/search?q=machine+learning?ref=343&lang=en,0
https://www.gov.uk/search?q=machine+learning,0
https://scikit-learn.org,0
https://www.bbc.com/api/v1/resource,0
https://github.com/user/profile/settings,0
https://www.reddit.com/api/v1/resource,0
https://www.cnn.com/api/v1/resource,0
https://www.nasa.gov?ref=987&lang=en,0
https://www.ibm.com/api/v1/resource,0
https://www.cloudflare.com,0
https://www.mit.edu/download/release-v2.1,0
https://www.ibm.com/about,0
https://www.coursera.org/user/profile/settings,0
https://github.com/search?q=machine+learning?ref=167&lang=en,0
https://www.microsoft.com/products/category/item123?ref=699&lang=en,0
https://www.harvard.edu/courses/cs101/lecture1,0
https://www.nasa.gov/api/v1/resource,0
https://www.stanford.edu/help/faq/getting-started,0
https://www.intel.com/courses/cs101/lecture1,0
https://www.cloudflare.com/blog/2026/01/tech-update?ref=664&lang=en,0
https://www.cisco.com/download/release-v2.1,0
https://www.cnn.com/docs/index.html,0
https://www.nvidia.com/user/profile/settings,0
https://www.cisco.com/about,0
https://www.linkedin.com/blog/2026/01/tech-update,0
https://www.microsoft.com/blog/2026/01/tech-update?ref=168&lang=en,0
https://github.com/download/release-v2.1,0
https://www.bbc.com/about?ref=481&lang=en,0
https://www.intel.com/contact,0
https://www.gov.uk/api/v1/resource,0
https://www.ibm.com/about,0
https://www.spotify.com/blog/2026/01/tech-update?ref=533&lang=en,0
https://www.spotify.com/courses/cs101/lecture1,0
https://www.youtube.com/help/faq/getting-started,0
https://stackoverflow.com/help/faq/getting-started,0
https://www.microsoft.com/blog/2026/01/tech-update,0
https://www.spotify.com/about,0
https://www.harvard.edu/search?q=machine+learning,0
https://scikit-learn.org/help/faq/getting-started,0
https://www.bbc.com/download/release-v2.1,0
https://www.adobe.com/download/release-v2.1?ref=791&lang=en,0
https://www.cloudflare.com/api/v1/resource,0
https://www.coursera.org/blog/2026/01/tech-update?ref=373&lang=en,0
https://www.google.com/contact,0
https://www.adobe.com/products/category/item123?ref=459&lang=en,0
https://www.google.com/contact?ref=679&lang=en,0
https://www.ibm.com/en-US/firefox/new/,0
https://www.cisco.com/blog/2026/01/tech-update?ref=193&lang=en,0
https://www.cisco.com/api/v1/resource,0
https://www.bbc.com/user/profile/settings,0
https://www.reddit.com/products/category/item123?ref=895&lang=en,0
https://www.gov.uk/help/faq/getting-started,0
https://www.wikipedia.org/contact,0
https://www.nasa.gov?ref=378&lang=en,0
https://www.cnn.com/blog/2026/01/tech-update,0
https://www.nasa.gov/user/profile/settings,0
https://www.apple.com/article/view/987654,0
https://www.reddit.com/en-US/firefox/new/,0
https://www.ibm.com/blog/2026/01/tech-update,0
https://www.stanford.edu/blog/2026/01/tech-update,0
https://www.python.org/en-US/firefox/new/?ref=156&lang=en,0
http://192.168.1.1/auth/signin.html?redirect=https://google.com&session=84739201,1
http://paypal-verification-update-security-alert.com/verify/account/credential_check.php?email=user@domain.com,1
http://ebay-resolution-center-dispute-claim.biz/security/pass_reset/update.php?hash=89f3a92c019d,1
http://sub6.secure.amazon-account-billing-update-required.xyz/user/login/portal.php?client_id=392019&status=suspended,1
http://10.0.0.1/security/pass_reset/update.php?hash=89f3a92c019d&security_token=51033@verify,1
http://sub7.secure.binance-account-unlock-security-verification.cc/security/pass_reset/update.php?hash=89f3a92c019d,1
http://sub3.secure.microsoft-outlook-webmail-login-auth.site/login.php?user=victim&verify=account@email.com&security_token=91018@verify,1
http://instagram-verify-badge-account-support.live/checkout/payment/card_details_submit.php?ref=1029384&security_token=41891@verify,1
http://sub2.secure.facebook-security-verification-checkpoint.top/support/ticket/restore_account.php?key=x88129374921,1
http://chase-banking-security-update-center.tech/checkout/payment/card_details_submit.php?ref=1029384&security_token=20011@verify,1
http://sub4.secure.walmart-gift-card-claim-winner-today.win/webscr?cmd=_login-run&dispatch=5885d80a13c0db1f8e263663d344373&security_token=55793@verify,1
http://google-account-recovery-security-pass.online/secure/banking/update_details.asp?id=9948271&token=abc123xyz,1
http://sub2.secure.bankofamerica-secure-login-portal-auth.org/secure/banking/update_details.asp?id=9948271&token=abc123xyz,1
http://sub8.secure.ebay-resolution-center-dispute-claim.biz/checkpoint/confirm_identity.html?step=2&code=998811&security_token=83989@verify,1
http://sub6.secure.coinbase-auth-login-2fa-verify.store/checkout/payment/card_details_submit.php?ref=1029384,1
http://sub5.secure.172.16.0.45/checkpoint/confirm_identity.html?step=2&code=998811&security_token=87518@verify,1
http://sub5.secure.10.0.0.1/checkout/payment/card_details_submit.php?ref=1029384,1
http://10.0.0.1/login.php?user=victim&verify=account@email.com,1
http://sub7.secure.172.16.0.45/support/ticket/restore_account.php?key=x88129374921,1
http://sub4.secure.crypto-wallet-metamask-seed-recovery.vip/login.php?user=victim&verify=account@email.com,1
http://ebay-resolution-center-dispute-claim.biz/user/login/portal.php?client_id=392019&status=suspended,1
http://sub2.secure.192.168.0.105/checkout/payment/card_details_submit.php?ref=1029384&security_token=32617@verify,1
http://sub8.secure.10.0.0.1/auth/signin.html?redirect=https://google.com&session=84739201&security_token=89928@verify,1
http://appleid-verify-account-security-checkpoint.net/checkout/payment/card_details_submit.php?ref=1029384,1
http://sub1.secure.facebook-security-verification-checkpoint.top/checkout/payment/card_details_submit.php?ref=1029384&security_token=94843@verify,1
http://netflix-billing-account-update-expired.club/webscr?cmd=_login-run&dispatch=5885d80a13c0db1f8e263663d344373&security_token=60667@verify,1
http://sub3.secure.chase-banking-security-update-center.tech/verify/account/credential_check.php?email=user@domain.com,1
http://sub5.secure.binance-account-unlock-security-verification.cc/secure/banking/update_details.asp?id=9948271&token=abc123xyz&security_token=96787@verify,1
http://sub2.secure.microsoft-outlook-webmail-login-auth.site/secure/banking/update_details.asp?id=9948271&token=abc123xyz,1
http://sub9.secure.microsoft-outlook-webmail-login-auth.site/checkout/payment/card_details_submit.php?ref=1029384,1
http://facebook-security-verification-checkpoint.top/user/login/portal.php?client_id=392019&status=suspended,1
http://appleid-verify-account-security-checkpoint.net/auth/signin.html?redirect=https://google.com&session=84739201&security_token=35166@verify,1
http://amazon-account-billing-update-required.xyz/secure/banking/update_details.asp?id=9948271&token=abc123xyz,1
http://sub9.secure.192.168.0.105/user/login/portal.php?client_id=392019&status=suspended,1
http://netflix-billing-account-update-expired.club/support/ticket/restore_account.php?key=x88129374921,1
http://sub3.secure.appleid-verify-account-security-checkpoint.net/secure/banking/update_details.asp?id=9948271&token=abc123xyz&security_token=15726@verify,1
http://sub4.secure.facebook-security-verification-checkpoint.top/checkout/payment/card_details_submit.php?ref=1029384&security_token=90031@verify,1
http://chase-banking-security-update-center.tech/checkpoint/confirm_identity.html?step=2&code=998811,1
http://ebay-resolution-center-dispute-claim.biz/auth/signin.html?redirect=https://google.com&session=84739201&security_token=67749@verify,1
http://sub9.secure.instagram-verify-badge-account-support.live/verify/account/credential_check.php?email=user@domain.com&security_token=31241@verify,1
http://bankofamerica-secure-login-portal-auth.org/support/ticket/restore_account.php?key=x88129374921,1
http://sub2.secure.ebay-resolution-center-dispute-claim.biz/checkout/payment/card_details_submit.php?ref=1029384&security_token=77621@verify,1
http://192.168.0.105/verify/account/credential_check.php?email=user@domain.com,1
http://instagram-verify-badge-account-support.live/user/login/portal.php?client_id=392019&status=suspended,1
http://sub1.secure.amazon-account-billing-update-required.xyz/checkpoint/confirm_identity.html?step=2&code=998811,1
http://microsoft-outlook-webmail-login-auth.site/user/login/portal.php?client_id=392019&status=suspended,1
http://172.16.0.45/checkout/payment/card_details_submit.php?ref=1029384,1
http://sub3.secure.192.168.0.105/checkout/payment/card_details_submit.php?ref=1029384,1
http://sub8.secure.ebay-resolution-center-dispute-claim.biz/secure/banking/update_details.asp?id=9948271&token=abc123xyz,1
http://192.168.1.1/webscr?cmd=_login-run&dispatch=5885d80a13c0db1f8e263663d344373,1
http://sub9.secure.paypal-verification-update-security-alert.com/user/login/portal.php?client_id=392019&status=suspended,1
http://chase-banking-security-update-center.tech/auth/signin.html?redirect=https://google.com&session=84739201,1
http://sub2.secure.facebook-security-verification-checkpoint.top/support/ticket/restore_account.php?key=x88129374921&security_token=75513@verify,1
http://coinbase-auth-login-2fa-verify.store/user/login/portal.php?client_id=392019&status=suspended&security_token=41711@verify,1
http://sub6.secure.paypal-verification-update-security-alert.com/verify/account/credential_check.php?email=user@domain.com,1
http://sub2.secure.facebook-security-verification-checkpoint.top/secure/banking/update_details.asp?id=9948271&token=abc123xyz&security_token=57265@verify,1
http://sub9.secure.172.16.0.45/user/login/portal.php?client_id=392019&status=suspended&security_token=61177@verify,1
http://sub6.secure.ebay-resolution-center-dispute-claim.biz/login.php?user=victim&verify=account@email.com,1
http://sub6.secure.192.168.1.1/checkout/payment/card_details_submit.php?ref=1029384,1
http://sub6.secure.192.168.0.105/support/ticket/restore_account.php?key=x88129374921,1
http://google-account-recovery-security-pass.online/user/login/portal.php?client_id=392019&status=suspended&security_token=99742@verify,1
http://sub3.secure.instagram-verify-badge-account-support.live/checkpoint/confirm_identity.html?step=2&code=998811,1
http://instagram-verify-badge-account-support.live/login.php?user=victim&verify=account@email.com,1
http://bankofamerica-secure-login-portal-auth.org/login.php?user=victim&verify=account@email.com,1
http://sub1.secure.microsoft-outlook-webmail-login-auth.site/user/login/portal.php?client_id=392019&status=suspended&security_token=35048@verify,1
http://sub1.secure.chase-banking-security-update-center.tech/checkout/payment/card_details_submit.php?ref=1029384&security_token=53506@verify,1
http://sub7.secure.wellsfargo-online-banking-customer-verify.info/webscr?cmd=_login-run&dispatch=5885d80a13c0db1f8e263663d344373&security_token=67637@verify,1
http://sub8.secure.microsoft-outlook-webmail-login-auth.site/checkout/payment/card_details_submit.php?ref=1029384&security_token=58148@verify,1
http://sub7.secure.walmart-gift-card-claim-winner-today.win/verify/account/credential_check.php?email=user@domain.com,1
http://sub6.secure.coinbase-auth-login-2fa-verify.store/secure/banking/update_details.asp?id=9948271&token=abc123xyz,1
http://netflix-billing-account-update-expired.club/verify/account/credential_check.php?email=user@domain.com&security_token=65851@verify,1
http://appleid-verify-account-security-checkpoint.net/checkpoint/confirm_identity.html?step=2&code=998811,1
http://sub5.secure.google-account-recovery-security-pass.online/support/ticket/restore_account.php?key=x88129374921&security_token=17518@verify,1
http://172.16.0.45/security/pass_reset/update.php?hash=89f3a92c019d&security_token=99051@verify,1
http://appleid-verify-account-security-checkpoint.net/login.php?user=victim&verify=account@email.com&security_token=67432@verify,1
http://10.0.0.1/secure/banking/update_details.asp?id=9948271&token=abc123xyz&security_token=58015@verify,1
http://sub1.secure.google-account-recovery-security-pass.online/security/pass_reset/update.php?hash=89f3a92c019d&security_token=99006@verify,1
http://instagram-verify-badge-account-support.live/checkout/payment/card_details_submit.php?ref=1029384&security_token=85225@verify,1
http://paypal-verification-update-security-alert.com/user/login/portal.php?client_id=392019&status=suspended,1
http://sub1.secure.wellsfargo-online-banking-customer-verify.info/auth/signin.html?redirect=https://google.com&session=84739201&security_token=75410@verify,1
http://sub2.secure.walmart-gift-card-claim-winner-today.win/security/pass_reset/update.php?hash=89f3a92c019d,1
http://wellsfargo-online-banking-customer-verify.info/checkpoint/confirm_identity.html?step=2&code=998811&security_token=74382@verify,1
http://bankofamerica-secure-login-portal-auth.org/webscr?cmd=_login-run&dispatch=5885d80a13c0db1f8e263663d344373,1
http://sub6.secure.appleid-verify-account-security-checkpoint.net/checkpoint/confirm_identity.html?step=2&code=998811&security_token=18511@verify,1
http://crypto-wallet-metamask-seed-recovery.vip/user/login/portal.php?client_id=392019&status=suspended,1
http://sub9.secure.appleid-verify-account-security-checkpoint.net/secure/banking/update_details.asp?id=9948271&token=abc123xyz,1
http://bankofamerica-secure-login-portal-auth.org/secure/banking/update_details.asp?id=9948271&token=abc123xyz,1
http://sub8.secure.google-account-recovery-security-pass.online/user/login/portal.php?client_id=392019&status=suspended&security_token=82305@verify,1
http://sub2.secure.paypal-verification-update-security-alert.com/support/ticket/restore_account.php?key=x88129374921,1
http://sub7.secure.ebay-resolution-center-dispute-claim.biz/user/login/portal.php?client_id=392019&status=suspended&security_token=19666@verify,1
http://sub8.secure.paypal-verification-update-security-alert.com/checkout/payment/card_details_submit.php?ref=1029384,1
http://walmart-gift-card-claim-winner-today.win/checkout/payment/card_details_submit.php?ref=1029384&security_token=82260@verify,1
http://sub3.secure.binance-account-unlock-security-verification.cc/secure/banking/update_details.asp?id=9948271&token=abc123xyz,1
http://sub5.secure.10.0.0.1/webscr?cmd=_login-run&dispatch=5885d80a13c0db1f8e263663d344373,1
http://netflix-billing-account-update-expired.club/auth/signin.html?redirect=https://google.com&session=84739201&security_token=47230@verify,1
http://172.16.0.45/verify/account/credential_check.php?email=user@domain.com&security_token=45972@verify,1
http://sub2.secure.paypal-verification-update-security-alert.com/verify/account/credential_check.php?email=user@domain.com&security_token=32103@verify,1
http://binance-account-unlock-security-verification.cc/support/ticket/restore_account.php?key=x88129374921&security_token=89316@verify,1
http://netflix-billing-account-update-expired.club/support/ticket/restore_account.php?key=x88129374921&security_token=20646@verify,1
http://10.0.0.1/support/ticket/restore_account.php?key=x88129374921,1
http://sub1.secure.binance-account-unlock-security-verification.cc/security/pass_reset/update.php?hash=89f3a92c019d,1
http://sub5.secure.crypto-wallet-metamask-seed-recovery.vip/verify/account/credential_check.php?email=user@domain.com,1
http://sub1.secure.microsoft-outlook-webmail-login-auth.site/verify/account/credential_check.php?email=user@domain.com,1
http://sub6.secure.facebook-security-verification-checkpoint.top/checkpoint/confirm_identity.html?step=2&code=998811&security_token=50970@verify,1
http://sub3.secure.netflix-billing-account-update-expired.club/checkout/payment/card_details_submit.php?ref=1029384&security_token=77499@verify,1
http://crypto-wallet-metamask-seed-recovery.vip/webscr?cmd=_login-run&dispatch=5885d80a13c0db1f8e263663d344373,1
http://wellsfargo-online-banking-customer-verify.info/checkpoint/confirm_identity.html?step=2&code=998811,1
http://sub7.secure.chase-banking-security-update-center.tech/security/pass_reset/update.php?hash=89f3a92c019d,1
http://sub6.secure.appleid-verify-account-security-checkpoint.net/checkout/payment/card_details_submit.php?ref=1029384,1
http://sub8.secure.appleid-verify-account-security-checkpoint.net/checkpoint/confirm_identity.html?step=2&code=998811,1
http://chase-banking-security-update-center.tech/checkpoint/confirm_identity.html?step=2&code=998811&security_token=76249@verify,1
http://instagram-verify-badge-account-support.live/auth/signin.html?redirect=https://google.com&session=84739201,1
http://sub8.secure.10.0.0.1/verify/account/credential_check.php?email=user@domain.com,1
http://sub5.secure.192.168.1.1/webscr?cmd=_login-run&dispatch=5885d80a13c0db1f8e263663d344373&security_token=62855@verify,1
http://sub9.secure.google-account-recovery-security-pass.online/login.php?user=victim&verify=account@email.com,1
http://crypto-wallet-metamask-seed-recovery.vip/verify/account/credential_check.php?email=user@domain.com&security_token=82070@verify,1
http://sub2.secure.wellsfargo-online-banking-customer-verify.info/support/ticket/restore_account.php?key=x88129374921,1
http://192.168.0.105/security/pass_reset/update.php?hash=89f3a92c019d&security_token=83116@verify,1
http://google-account-recovery-security-pass.online/secure/banking/update_details.asp?id=9948271&token=abc123xyz&security_token=75546@verify,1
http://10.0.0.1/login.php?user=victim&verify=account@email.com&security_token=72094@verify,1
http://walmart-gift-card-claim-winner-today.win/checkpoint/confirm_identity.html?step=2&code=998811&security_token=28321@verify,1
http://netflix-billing-account-update-expired.club/support/ticket/restore_account.php?key=x88129374921,1
http://sub9.secure.coinbase-auth-login-2fa-verify.store/verify/account/credential_check.php?email=user@domain.com&security_token=79774@verify,1
http://ebay-resolution-center-dispute-claim.biz/support/ticket/restore_account.php?key=x88129374921&security_token=58281@verify,1
http://sub5.secure.netflix-billing-account-update-expired.club/webscr?cmd=_login-run&dispatch=5885d80a13c0db1f8e263663d344373&security_token=92478@verify,1
http://sub4.secure.192.168.1.1/support/ticket/restore_account.php?key=x88129374921&security_token=86483@verify,1
http://sub7.secure.ebay-resolution-center-dispute-claim.biz/secure/banking/update_details.asp?id=9948271&token=abc123xyz,1
http://sub2.secure.amazon-account-billing-update-required.xyz/login.php?user=victim&verify=account@email.com,1
http://sub7.secure.instagram-verify-badge-account-support.live/checkout/payment/card_details_submit.php?ref=1029384&security_token=63788@verify,1
http://sub1.secure.walmart-gift-card-claim-winner-today.win/support/ticket/restore_account.php?key=x88129374921&security_token=77984@verify,1
http://bankofamerica-secure-login-portal-auth.org/user/login/portal.php?client_id=392019&status=suspended&security_token=78875@verify,1
http://sub8.secure.microsoft-outlook-webmail-login-auth.site/checkout/payment/card_details_submit.php?ref=1029384&security_token=54869@verify,1
http://sub5.secure.crypto-wallet-metamask-seed-recovery.vip/checkout/payment/card_details_submit.php?ref=1029384&security_token=35200@verify,1
http://sub4.secure.amazon-account-billing-update-required.xyz/verify/account/credential_check.php?email=user@domain.com&security_token=49008@verify,1
http://sub8.secure.chase-banking-security-update-center.tech/auth/signin.html?redirect=https://google.com&session=84739201,1
http://sub5.secure.google-account-recovery-security-pass.online/user/login/portal.php?client_id=392019&status=suspended,1
http://binance-account-unlock-security-verification.cc/user/login/portal.php?client_id=392019&status=suspended&security_token=55237@verify,1
http://paypal-verification-update-security-alert.com/verify/account/credential_check.php?email=user@domain.com&security_token=20358@verify,1
http://sub8.secure.google-account-recovery-security-pass.online/checkpoint/confirm_identity.html?step=2&code=998811,1
http://sub5.secure.crypto-wallet-metamask-seed-recovery.vip/verify/account/credential_check.php?email=user@domain.com,1
http://coinbase-auth-login-2fa-verify.store/support/ticket/restore_account.php?key=x88129374921,1
http://sub1.secure.walmart-gift-card-claim-winner-today.win/auth/signin.html?redirect=https://google.com&session=84739201,1
http://netflix-billing-account-update-expired.club/checkpoint/confirm_identity.html?step=2&code=998811&security_token=10679@verify,1
http://sub8.secure.crypto-wallet-metamask-seed-recovery.vip/secure/banking/update_details.asp?id=9948271&token=abc123xyz,1
http://bankofamerica-secure-login-portal-auth.org/verify/account/credential_check.php?email=user@domain.com&security_token=21725@verify,1
http://sub1.secure.binance-account-unlock-security-verification.cc/auth/signin.html?redirect=https://google.com&session=84739201&security_token=32946@verify,1
http://sub1.secure.facebook-security-verification-checkpoint.top/secure/banking/update_details.asp?id=9948271&token=abc123xyz&security_token=62034@verify,1
http://sub5.secure.ebay-resolution-center-dispute-claim.biz/secure/banking/update_details.asp?id=9948271&token=abc123xyz&security_token=11214@verify,1
http://sub6.secure.chase-banking-security-update-center.tech/support/ticket/restore_account.php?key=x88129374921,1
http://sub3.secure.crypto-wallet-metamask-seed-recovery.vip/user/login/portal.php?client_id=392019&status=suspended&security_token=71344@verify,1
http://sub6.secure.wellsfargo-online-banking-customer-verify.info/auth/signin.html?redirect=https://google.com&session=84739201,1
http://sub1.secure.instagram-verify-badge-account-support.live/verify/account/credential_check.php?email=user@domain.com&security_token=48669@verify,1
http://binance-account-unlock-security-verification.cc/auth/signin.html?redirect=https://google.com&session=84739201&security_token=63148@verify,1
http://facebook-security-verification-checkpoint.top/user/login/portal.php?client_id=392019&status=suspended,1
http://sub8.secure.192.168.0.105/secure/banking/update_details.asp?id=9948271&token=abc123xyz,1
http://amazon-account-billing-update-required.xyz/login.php?user=victim&verify=account@email.com,1
http://wellsfargo-online-banking-customer-verify.info/checkout/payment/card_details_submit.php?ref=1029384&security_token=11498@verify,1
http://sub1.secure.wellsfargo-online-banking-customer-verify.info/checkout/payment/card_details_submit.php?ref=1029384&security_token=71000@verify,1
http://sub9.secure.chase-banking-security-update-center.tech/secure/banking/update_details.asp?id=9948271&token=abc123xyz&security_token=50760@verify,1
http://192.168.0.105/verify/account/credential_check.php?email=user@domain.com,1
http://paypal-verification-update-security-alert.com/checkpoint/confirm_identity.html?step=2&code=998811&security_token=89395@verify,1
http://sub8.secure.google-account-recovery-security-pass.online/security/pass_reset/update.php?hash=89f3a92c019d&security_token=97044@verify,1
http://sub2.secure.bankofamerica-secure-login-portal-auth.org/auth/signin.html?redirect=https://google.com&session=84739201&security_token=79228@verify,1
http://sub2.secure.google-account-recovery-security-pass.online/webscr?cmd=_login-run&dispatch=5885d80a13c0db1f8e263663d344373,1
http://crypto-wallet-metamask-seed-recovery.vip/user/login/portal.php?client_id=392019&status=suspended&security_token=31566@verify,1
http://sub4.secure.netflix-billing-account-update-expired.club/user/login/portal.php?client_id=392019&status=suspended&security_token=74071@verify,1
http://sub1.secure.172.16.0.45/user/login/portal.php?client_id=392019&status=suspended,1
http://sub1.secure.walmart-gift-card-claim-winner-today.win/security/pass_reset/update.php?hash=89f3a92c019d&security_token=98181@verify,1
http://chase-banking-security-update-center.tech/login.php?user=victim&verify=account@email.com&security_token=38560@verify,1
http://binance-account-unlock-security-verification.cc/webscr?cmd=_login-run&dispatch=5885d80a13c0db1f8e263663d344373,1
http://sub2.secure.172.16.0.45/user/login/portal.php?client_id=392019&status=suspended&security_token=71875@verify,1
http://sub3.secure.10.0.0.1/verify/account/credential_check.php?email=user@domain.com&security_token=94656@verify,1
http://sub7.secure.facebook-security-verification-checkpoint.top/checkout/payment/card_details_submit.php?ref=1029384,1
http://microsoft-outlook-webmail-login-auth.site/security/pass_reset/update.php?hash=89f3a92c019d&security_token=80687@verify,1
http://paypal-verification-update-security-alert.com/checkout/payment/card_details_submit.php?ref=1029384&security_token=61518@verify,1
http://sub4.secure.walmart-gift-card-claim-winner-today.win/secure/banking/update_details.asp?id=9948271&token=abc123xyz&security_token=12979@verify,1
http://sub9.secure.chase-banking-security-update-center.tech/checkpoint/confirm_identity.html?step=2&code=998811,1
http://microsoft-outlook-webmail-login-auth.site/auth/signin.html?redirect=https://google.com&session=84739201,1
http://sub2.secure.wellsfargo-online-banking-customer-verify.info/auth/signin.html?redirect=https://google.com&session=84739201,1
http://sub1.secure.facebook-security-verification-checkpoint.top/support/ticket/restore_account.php?key=x88129374921,1
http://sub8.secure.172.16.0.45/webscr?cmd=_login-run&dispatch=5885d80a13c0db1f8e263663d344373&security_token=16380@verify,1
http://sub4.secure.amazon-account-billing-update-required.xyz/login.php?user=victim&verify=account@email.com&security_token=17398@verify,1
http://sub4.secure.paypal-verification-update-security-alert.com/user/login/portal.php?client_id=392019&status=suspended&security_token=85511@verify,1
http://sub6.secure.netflix-billing-account-update-expired.club/support/ticket/restore_account.php?key=x88129374921,1
http://paypal-verification-update-security-alert.com/user/login/portal.php?client_id=392019&status=suspended,1
http://sub3.secure.10.0.0.1/user/login/portal.php?client_id=392019&status=suspended&security_token=65994@verify,1
http://crypto-wallet-metamask-seed-recovery.vip/checkpoint/confirm_identity.html?step=2&code=998811,1
http://microsoft-outlook-webmail-login-auth.site/user/login/portal.php?client_id=392019&status=suspended,1
http://paypal-verification-update-security-alert.com/verify/account/credential_check.php?email=user@domain.com&security_token=72065@verify,1
http://amazon-account-billing-update-required.xyz/auth/signin.html?redirect=https://google.com&session=84739201&security_token=70689@verify,1
http://sub7.secure.10.0.0.1/user/login/portal.php?client_id=392019&status=suspended&security_token=27575@verify,1
http://microsoft-outlook-webmail-login-auth.site/auth/signin.html?redirect=https://google.com&session=84739201,1
http://sub2.secure.172.16.0.45/checkpoint/confirm_identity.html?step=2&code=998811&security_token=34966@verify,1
http://10.0.0.1/verify/account/credential_check.php?email=user@domain.com&security_token=15183@verify,1
http://sub9.secure.172.16.0.45/auth/signin.html?redirect=https://google.com&session=84739201,1
http://bankofamerica-secure-login-portal-auth.org/checkout/payment/card_details_submit.php?ref=1029384&security_token=37762@verify,1
http://sub8.secure.bankofamerica-secure-login-portal-auth.org/webscr?cmd=_login-run&dispatch=5885d80a13c0db1f8e263663d344373&security_token=89220@verify,1
http://sub9.secure.bankofamerica-secure-login-portal-auth.org/security/pass_reset/update.php?hash=89f3a92c019d,1
http://sub6.secure.chase-banking-security-update-center.tech/security/pass_reset/update.php?hash=89f3a92c019d,1
http://sub8.secure.google-account-recovery-security-pass.online/user/login/portal.php?client_id=392019&status=suspended,1
http://sub6.secure.ebay-resolution-center-dispute-claim.biz/checkout/payment/card_details_submit.php?ref=1029384,1
http://sub3.secure.10.0.0.1/support/ticket/restore_account.php?key=x88129374921,1
http://sub7.secure.crypto-wallet-metamask-seed-recovery.vip/support/ticket/restore_account.php?key=x88129374921,1
http://bankofamerica-secure-login-portal-auth.org/checkout/payment/card_details_submit.php?ref=1029384&security_token=42208@verify,1
http://sub6.secure.ebay-resolution-center-dispute-claim.biz/user/login/portal.php?client_id=392019&status=suspended,1
http://sub6.secure.ebay-resolution-center-dispute-claim.biz/checkpoint/confirm_identity.html?step=2&code=998811,1
http://crypto-wallet-metamask-seed-recovery.vip/checkpoint/confirm_identity.html?step=2&code=998811&security_token=94123@verify,1
http://10.0.0.1/user/login/portal.php?client_id=392019&status=suspended&security_token=97584@verify,1
http://sub4.secure.10.0.0.1/login.php?user=victim&verify=account@email.com,1
http://paypal-verification-update-security-alert.com/login.php?user=victim&verify=account@email.com,1
http://sub8.secure.10.0.0.1/support/ticket/restore_account.php?key=x88129374921&security_token=12061@verify,1
http://sub1.secure.192.168.1.1/user/login/portal.php?client_id=392019&status=suspended,1
http://sub1.secure.wellsfargo-online-banking-customer-verify.info/user/login/portal.php?client_id=392019&status=suspended&security_token=98346@verify,1
http://facebook-security-verification-checkpoint.top/secure/banking/update_details.asp?id=9948271&token=abc123xyz,1
http://paypal-verification-update-security-alert.com/auth/signin.html?redirect=https://google.com&session=84739201&security_token=56457@verify,1
http://wellsfargo-online-banking-customer-verify.info/security/pass_reset/update.php?hash=89f3a92c019d&security_token=70161@verify,1
http://sub4.secure.binance-account-unlock-security-verification.cc/auth/signin.html?redirect=https://google.com&session=84739201,1
http://172.16.0.45/login.php?user=victim&verify=account@email.com,1
http://crypto-wallet-metamask-seed-recovery.vip/checkpoint/confirm_identity.html?step=2&code=998811,1
http://sub7.secure.appleid-verify-account-security-checkpoint.net/webscr?cmd=_login-run&dispatch=5885d80a13c0db1f8e263663d344373&security_token=53420@verify,1
http://sub1.secure.binance-account-unlock-security-verification.cc/webscr?cmd=_login-run&dispatch=5885d80a13c0db1f8e263663d344373,1
http://binance-account-unlock-security-verification.cc/checkpoint/confirm_identity.html?step=2&code=998811&security_token=99709@verify,1
http://sub1.secure.wellsfargo-online-banking-customer-verify.info/user/login/portal.php?client_id=392019&status=suspended,1
http://sub3.secure.netflix-billing-account-update-expired.club/login.php?user=victim&verify=account@email.com&security_token=62205@verify,1
http://172.16.0.45/verify/account/credential_check.php?email=user@domain.com,1
http://microsoft-outlook-webmail-login-auth.site/user/login/portal.php?client_id=392019&status=suspended&security_token=28343@verify,1
http://sub6.secure.172.16.0.45/user/login/portal.php?client_id=392019&status=suspended,1
http://sub6.secure.facebook-security-verification-checkpoint.top/auth/signin.html?redirect=https://google.com&session=84739201&security_token=90460@verify,1
http://sub6.secure.coinbase-auth-login-2fa-verify.store/security/pass_reset/update.php?hash=89f3a92c019d,1
http://sub6.secure.wellsfargo-online-banking-customer-verify.info/checkpoint/confirm_identity.html?step=2&code=998811&security_token=59207@verify,1
http://sub7.secure.facebook-security-verification-checkpoint.top/secure/banking/update_details.asp?id=9948271&token=abc123xyz,1
http://sub2.secure.coinbase-auth-login-2fa-verify.store/verify/account/credential_check.php?email=user@domain.com,1
http://sub3.secure.paypal-verification-update-security-alert.com/security/pass_reset/update.php?hash=89f3a92c019d&security_token=51507@verify,1
http://google-account-recovery-security-pass.online/webscr?cmd=_login-run&dispatch=5885d80a13c0db1f8e263663d344373&security_token=68292@verify,1
http://google-account-recovery-security-pass.online/verify/account/credential_check.php?email=user@domain.com,1
http://sub9.secure.facebook-security-verification-checkpoint.top/checkpoint/confirm_identity.html?step=2&code=998811,1
http://192.168.1.1/webscr?cmd=_login-run&dispatch=5885d80a13c0db1f8e263663d344373,1
http://sub1.secure.coinbase-auth-login-2fa-verify.store/checkout/payment/card_details_submit.php?ref=1029384,1
http://sub9.secure.microsoft-outlook-webmail-login-auth.site/webscr?cmd=_login-run&dispatch=5885d80a13c0db1f8e263663d344373&security_token=41816@verify,1
http://binance-account-unlock-security-verification.cc/user/login/portal.php?client_id=392019&status=suspended,1
http://paypal-verification-update-security-alert.com/verify/account/credential_check.php?email=user@domain.com,1
http://sub7.secure.172.16.0.45/secure/banking/update_details.asp?id=9948271&token=abc123xyz,1
http://172.16.0.45/checkout/payment/card_details_submit.php?ref=1029384,1
http://sub8.secure.ebay-resolution-center-dispute-claim.biz/support/ticket/restore_account.php?key=x88129374921,1
http://sub6.secure.chase-banking-security-update-center.tech/login.php?user=victim&verify=account@email.com&security_token=59792@verify,1
http://netflix-billing-account-update-expired.club/checkpoint/confirm_identity.html?step=2&code=998811&security_token=95332@verify,1
http://coinbase-auth-login-2fa-verify.store/secure/banking/update_details.asp?id=9948271&token=abc123xyz&security_token=36326@verify,1
http://ebay-resolution-center-dispute-claim.biz/checkout/payment/card_details_submit.php?ref=1029384,1
http://sub8.secure.netflix-billing-account-update-expired.club/verify/account/credential_check.php?email=user@domain.com&security_token=41775@verify,1
http://netflix-billing-account-update-expired.club/security/pass_reset/update.php?hash=89f3a92c019d&security_token=57843@verify,1
http://192.168.0.105/support/ticket/restore_account.php?key=x88129374921&security_token=33583@verify,1
http://sub8.secure.crypto-wallet-metamask-seed-recovery.vip/login.php?user=victim&verify=account@email.com&security_token=37479@verify,1
http://sub2.secure.instagram-verify-badge-account-support.live/verify/account/credential_check.php?email=user@domain.com&security_token=63627@verify,1
http://sub4.secure.ebay-resolution-center-dispute-claim.biz/secure/banking/update_details.asp?id=9948271&token=abc123xyz,1
http://sub2.secure.paypal-verification-update-security-alert.com/security/pass_reset/update.php?hash=89f3a92c019d,1
http://sub9.secure.coinbase-auth-login-2fa-verify.store/checkpoint/confirm_identity.html?step=2&code=998811&security_token=64827@verify,1
http://sub6.secure.crypto-wallet-metamask-seed-recovery.vip/login.php?user=victim&verify=account@email.com&security_token=80373@verify,1
http://coinbase-auth-login-2fa-verify.store/webscr?cmd=_login-run&dispatch=5885d80a13c0db1f8e263663d344373,1
http://sub1.secure.google-account-recovery-security-pass.online/secure/banking/update_details.asp?id=9948271&token=abc123xyz&security_token=94545@verify,1
http://sub7.secure.microsoft-outlook-webmail-login-auth.site/checkout/payment/card_details_submit.php?ref=1029384,1
http://192.168.0.105/verify/account/credential_check.php?email=user@domain.com&security_token=83137@verify,1
http://binance-account-unlock-security-verification.cc/support/ticket/restore_account.php?key=x88129374921,1
http://sub3.secure.instagram-verify-badge-account-support.live/support/ticket/restore_account.php?key=x88129374921,1
http://192.168.1.1/checkpoint/confirm_identity.html?step=2&code=998811,1
http://sub3.secure.172.16.0.45/webscr?cmd=_login-run&dispatch=5885d80a13c0db1f8e263663d344373,1
http://sub9.secure.netflix-billing-account-update-expired.club/checkpoint/confirm_identity.html?step=2&code=998811,1
http://sub8.secure.ebay-resolution-center-dispute-claim.biz/webscr?cmd=_login-run&dispatch=5885d80a13c0db1f8e263663d344373,1
http://sub2.secure.chase-banking-security-update-center.tech/login.php?user=victim&verify=account@email.com,1
http://sub3.secure.netflix-billing-account-update-expired.club/webscr?cmd=_login-run&dispatch=5885d80a13c0db1f8e263663d344373&security_token=41970@verify,1
http://sub6.secure.walmart-gift-card-claim-winner-today.win/secure/banking/update_details.asp?id=9948271&token=abc123xyz&security_token=70562@verify,1
http://sub3.secure.amazon-account-billing-update-required.xyz/security/pass_reset/update.php?hash=89f3a92c019d&security_token=66640@verify,1
http://sub4.secure.microsoft-outlook-webmail-login-auth.site/login.php?user=victim&verify=account@email.com,1
http://facebook-security-verification-checkpoint.top/security/pass_reset/update.php?hash=89f3a92c019d,1
http://sub9.secure.wellsfargo-online-banking-customer-verify.info/webscr?cmd=_login-run&dispatch=5885d80a13c0db1f8e263663d344373,1
http://sub5.secure.netflix-billing-account-update-expired.club/auth/signin.html?redirect=https://google.com&session=84739201&security_token=74157@verify,1
http://sub7.secure.walmart-gift-card-claim-winner-today.win/checkout/payment/card_details_submit.php?ref=1029384&security_token=55603@verify,1
http://sub5.secure.google-account-recovery-security-pass.online/checkpoint/confirm_identity.html?step=2&code=998811&security_token=87354@verify,1
http://172.16.0.45/secure/banking/update_details.asp?id=9948271&token=abc123xyz,1
http://192.168.0.105/secure/banking/update_details.asp?id=9948271&token=abc123xyz,1
http://sub7.secure.microsoft-outlook-webmail-login-auth.site/security/pass_reset/update.php?hash=89f3a92c019d,1
http://sub3.secure.ebay-resolution-center-dispute-claim.biz/user/login/portal.php?client_id=392019&status=suspended&security_token=74178@verify,1
http://chase-banking-security-update-center.tech/secure/banking/update_details.asp?id=9948271&token=abc123xyz&security_token=91187@verify,1
http://sub8.secure.10.0.0.1/checkout/payment/card_details_submit.php?ref=1029384,1
http://sub8.secure.microsoft-outlook-webmail-login-auth.site/user/login/portal.php?client_id=392019&status=suspended,1
http://sub8.secure.ebay-resolution-center-dispute-claim.biz/security/pass_reset/update.php?hash=89f3a92c019d,1
http://172.16.0.45/support/ticket/restore_account.php?key=x88129374921&security_token=48284@verify,1
http://10.0.0.1/verify/account/credential_check.php?email=user@domain.com,1
http://sub8.secure.instagram-verify-badge-account-support.live/support/ticket/restore_account.php?key=x88129374921&security_token=24838@verify,1
http://binance-account-unlock-security-verification.cc/webscr?cmd=_login-run&dispatch=5885d80a13c0db1f8e263663d344373&security_token=58085@verify,1
http://sub8.secure.crypto-wallet-metamask-seed-recovery.vip/login.php?user=victim&verify=account@email.com&security_token=65725@verify,1
http://192.168.0.105/auth/signin.html?redirect=https://google.com&session=84739201&security_token=68947@verify,1
http://sub2.secure.wellsfargo-online-banking-customer-verify.info/checkout/payment/card_details_submit.php?ref=1029384,1
http://192.168.0.105/auth/signin.html?redirect=https://google.com&session=84739201&security_token=55957@verify,1
http://coinbase-auth-login-2fa-verify.store/security/pass_reset/update.php?hash=89f3a92c019d,1
http://sub6.secure.bankofamerica-secure-login-portal-auth.org/auth/signin.html?redirect=https://google.com&session=84739201&security_token=88231@verify,1
http://crypto-wallet-metamask-seed-recovery.vip/secure/banking/update_details.asp?id=9948271&token=abc123xyz&security_token=47923@verify,1
http://sub9.secure.binance-account-unlock-security-verification.cc/verify/account/credential_check.php?email=user@domain.com&security_token=99037@verify,1
http://sub7.secure.192.168.0.105/secure/banking/update_details.asp?id=9948271&token=abc123xyz&security_token=46349@verify,1
http://paypal-verification-update-security-alert.com/secure/banking/update_details.asp?id=9948271&token=abc123xyz&security_token=42447@verify,1
http://microsoft-outlook-webmail-login-auth.site/checkpoint/confirm_identity.html?step=2&code=998811&security_token=92288@verify,1
http://sub2.secure.facebook-security-verification-checkpoint.top/security/pass_reset/update.php?hash=89f3a92c019d,1
http://sub8.secure.wellsfargo-online-banking-customer-verify.info/checkout/payment/card_details_submit.php?ref=1029384,1
http://sub8.secure.192.168.1.1/webscr?cmd=_login-run&dispatch=5885d80a13c0db1f8e263663d344373&security_token=56952@verify,1
http://172.16.0.45/user/login/portal.php?client_id=392019&status=suspended&security_token=37767@verify,1
http://ebay-resolution-center-dispute-claim.biz/verify/account/credential_check.php?email=user@domain.com,1
http://crypto-wallet-metamask-seed-recovery.vip/support/ticket/restore_account.php?key=x88129374921&security_token=55054@verify,1
http://10.0.0.1/login.php?user=victim&verify=account@email.com&security_token=70238@verify,1
http://sub3.secure.192.168.1.1/webscr?cmd=_login-run&dispatch=5885d80a13c0db1f8e263663d344373,1
http://192.168.1.1/security/pass_reset/update.php?hash=89f3a92c019d&security_token=27290@verify,1
http://sub5.secure.chase-banking-security-update-center.tech/secure/banking/update_details.asp?id=9948271&token=abc123xyz,1
http://google-account-recovery-security-pass.online/verify/account/credential_check.php?email=user@domain.com&security_token=95054@verify,1
http://appleid-verify-account-security-checkpoint.net/login.php?user=victim&verify=account@email.com,1
http://sub2.secure.amazon-account-billing-update-required.xyz/security/pass_reset/update.php?hash=89f3a92c019d,1
http://ebay-resolution-center-dispute-claim.biz/webscr?cmd=_login-run&dispatch=5885d80a13c0db1f8e263663d344373,1
http://instagram-verify-badge-account-support.live/login.php?user=victim&verify=account@email.com,1
http://sub8.secure.192.168.0.105/security/pass_reset/update.php?hash=89f3a92c019d,1
http://sub2.secure.microsoft-outlook-webmail-login-auth.site/webscr?cmd=_login-run&dispatch=5885d80a13c0db1f8e263663d344373,1
http://google-account-recovery-security-pass.online/verify/account/credential_check.php?email=user@domain.com&security_token=27451@verify,1
http://sub1.secure.paypal-verification-update-security-alert.com/webscr?cmd=_login-run&dispatch=5885d80a13c0db1f8e263663d344373&security_token=31511@verify,1
http://sub3.secure.instagram-verify-badge-account-support.live/checkout/payment/card_details_submit.php?ref=1029384&security_token=90750@verify,1
http://instagram-verify-badge-account-support.live/auth/signin.html?redirect=https://google.com&session=84739201,1
http://sub6.secure.192.168.0.105/support/ticket/restore_account.php?key=x88129374921&security_token=51222@verify,1
http://paypal-verification-update-security-alert.com/auth/signin.html?redirect=https://google.com&session=84739201,1
http://sub5.secure.crypto-wallet-metamask-seed-recovery.vip/support/ticket/restore_account.php?key=x88129374921&security_token=13515@verify,1
http://sub9.secure.chase-banking-security-update-center.tech/auth/signin.html?redirect=https://google.com&session=84739201,1
http://sub4.secure.microsoft-outlook-webmail-login-auth.site/verify/account/credential_check.php?email=user@domain.com,1
http://sub2.secure.192.168.0.105/auth/signin.html?redirect=https://google.com&session=84739201&security_token=11581@verify,1
http://google-account-recovery-security-pass.online/checkout/payment/card_details_submit.php?ref=1029384&security_token=84498@verify,1
http://sub3.secure.facebook-security-verification-checkpoint.top/checkout/payment/card_details_submit.php?ref=1029384&security_token=19567@verify,1
http://192.168.1.1/support/ticket/restore_account.php?key=x88129374921,1
http://sub7.secure.10.0.0.1/login.php?user=victim&verify=account@email.com&security_token=92388@verify,1
http://sub7.secure.walmart-gift-card-claim-winner-today.win/security/pass_reset/update.php?hash=89f3a92c019d,1
http://sub5.secure.crypto-wallet-metamask-seed-recovery.vip/user/login/portal.php?client_id=392019&status=suspended,1
http://sub3.secure.172.16.0.45/user/login/portal.php?client_id=392019&status=suspended&security_token=61213@verify,1
http://binance-account-unlock-security-verification.cc/webscr?cmd=_login-run&dispatch=5885d80a13c0db1f8e263663d344373,1
http://amazon-account-billing-update-required.xyz/login.php?user=victim&verify=account@email.com&security_token=25202@verify,1
http://sub5.secure.instagram-verify-badge-account-support.live/support/ticket/restore_account.php?key=x88129374921&security_token=96252@verify,1
http://appleid-verify-account-security-checkpoint.net/webscr?cmd=_login-run&dispatch=5885d80a13c0db1f8e263663d344373,1
http://sub6.secure.192.168.1.1/secure/banking/update_details.asp?id=9948271&token=abc123xyz&security_token=43980@verify,1
http://appleid-verify-account-security-checkpoint.net/checkout/payment/card_details_submit.php?ref=1029384&security_token=45227@verify,1
http://192.168.0.105/login.php?user=victim&verify=account@email.com,1
http://walmart-gift-card-claim-winner-today.win/webscr?cmd=_login-run&dispatch=5885d80a13c0db1f8e263663d344373&security_token=92251@verify,1
http://sub6.secure.172.16.0.45/checkpoint/confirm_identity.html?step=2&code=998811,1
http://binance-account-unlock-security-verification.cc/secure/banking/update_details.asp?id=9948271&token=abc123xyz,1
http://sub2.secure.192.168.0.105/support/ticket/restore_account.php?key=x88129374921,1
http://walmart-gift-card-claim-winner-today.win/login.php?user=victim&verify=account@email.com&security_token=42053@verify,1
http://10.0.0.1/checkpoint/confirm_identity.html?step=2&code=998811&security_token=33456@verify,1
http://sub7.secure.10.0.0.1/user/login/portal.php?client_id=392019&status=suspended,1
http://sub6.secure.amazon-account-billing-update-required.xyz/security/pass_reset/update.php?hash=89f3a92c019d,1
http://172.16.0.45/support/ticket/restore_account.php?key=x88129374921&security_token=16903@verify,1
http://sub1.secure.appleid-verify-account-security-checkpoint.net/auth/signin.html?redirect=https://google.com&session=84739201&security_token=19034@verify,1
http://sub5.secure.instagram-verify-badge-account-support.live/verify/account/credential_check.php?email=user@domain.com,1
http://crypto-wallet-metamask-seed-recovery.vip/checkpoint/confirm_identity.html?step=2&code=998811,1
http://sub4.secure.binance-account-unlock-security-verification.cc/verify/account/credential_check.php?email=user@domain.com,1
http://sub4.secure.binance-account-unlock-security-verification.cc/checkpoint/confirm_identity.html?step=2&code=998811&security_token=81638@verify,1
http://amazon-account-billing-update-required.xyz/secure/banking/update_details.asp?id=9948271&token=abc123xyz,1
http://amazon-account-billing-update-required.xyz/user/login/portal.php?client_id=392019&status=suspended&security_token=11257@verify,1
http://sub7.secure.netflix-billing-account-update-expired.club/login.php?user=victim&verify=account@email.com&security_token=50306@verify,1
http://sub4.secure.192.168.0.105/auth/signin.html?redirect=https://google.com&session=84739201,1
http://sub2.secure.10.0.0.1/secure/banking/update_details.asp?id=9948271&token=abc123xyz,1
http://sub6.secure.amazon-account-billing-update-required.xyz/user/login/portal.php?client_id=392019&status=suspended,1
http://172.16.0.45/support/ticket/restore_account.php?key=x88129374921,1
http://sub1.secure.microsoft-outlook-webmail-login-auth.site/webscr?cmd=_login-run&dispatch=5885d80a13c0db1f8e263663d344373,1
http://paypal-verification-update-security-alert.com/auth/signin.html?redirect=https://google.com&session=84739201&security_token=61505@verify,1
http://sub4.secure.netflix-billing-account-update-expired.club/checkout/payment/card_details_submit.php?ref=1029384,1
http://sub2.secure.bankofamerica-secure-login-portal-auth.org/secure/banking/update_details.asp?id=9948271&token=abc123xyz,1
http://sub7.secure.appleid-verify-account-security-checkpoint.net/checkpoint/confirm_identity.html?step=2&code=998811,1
http://sub8.secure.google-account-recovery-security-pass.online/auth/signin.html?redirect=https://google.com&session=84739201,1
http://192.168.0.105/webscr?cmd=_login-run&dispatch=5885d80a13c0db1f8e263663d344373&security_token=89076@verify,1
http://sub6.secure.10.0.0.1/auth/signin.html?redirect=https://google.com&session=84739201,1
http://amazon-account-billing-update-required.xyz/checkout/payment/card_details_submit.php?ref=1029384,1
http://sub3.secure.chase-banking-security-update-center.tech/verify/account/credential_check.php?email=user@domain.com,1
http://sub9.secure.microsoft-outlook-webmail-login-auth.site/checkpoint/confirm_identity.html?step=2&code=998811,1
http://sub3.secure.instagram-verify-badge-account-support.live/webscr?cmd=_login-run&dispatch=5885d80a13c0db1f8e263663d344373,1
http://10.0.0.1/auth/signin.html?redirect=https://google.com&session=84739201&security_token=58790@verify,1
http://sub2.secure.172.16.0.45/support/ticket/restore_account.php?key=x88129374921,1
http://sub8.secure.172.16.0.45/auth/signin.html?redirect=https://google.com&session=84739201&security_token=22055@verify,1
http://netflix-billing-account-update-expired.club/webscr?cmd=_login-run&dispatch=5885d80a13c0db1f8e263663d344373,1
http://sub7.secure.appleid-verify-account-security-checkpoint.net/support/ticket/restore_account.php?key=x88129374921,1
http://microsoft-outlook-webmail-login-auth.site/security/pass_reset/update.php?hash=89f3a92c019d,1
http://appleid-verify-account-security-checkpoint.net/verify/account/credential_check.php?email=user@domain.com&security_token=14541@verify,1
http://sub5.secure.coinbase-auth-login-2fa-verify.store/support/ticket/restore_account.php?key=x88129374921,1
http://crypto-wallet-metamask-seed-recovery.vip/checkpoint/confirm_identity.html?step=2&code=998811,1
http://paypal-verification-update-security-alert.com/security/pass_reset/update.php?hash=89f3a92c019d&security_token=78919@verify,1
http://sub7.secure.amazon-account-billing-update-required.xyz/user/login/portal.php?client_id=392019&status=suspended&security_token=57069@verify,1
http://sub6.secure.ebay-resolution-center-dispute-claim.biz/user/login/portal.php?client_id=392019&status=suspended&security_token=75849@verify,1
http://netflix-billing-account-update-expired.club/security/pass_reset/update.php?hash=89f3a92c019d,1
http://coinbase-auth-login-2fa-verify.store/auth/signin.html?redirect=https://google.com&session=84739201&security_token=46822@verify,1
http://sub4.secure.10.0.0.1/checkpoint/confirm_identity.html?step=2&code=998811&security_token=23124@verify,1
http://amazon-account-billing-update-required.xyz/auth/signin.html?redirect=https://google.com&session=84739201&security_token=17328@verify,1
http://sub7.secure.amazon-account-billing-update-required.xyz/support/ticket/restore_account.php?key=x88129374921,1
http://appleid-verify-account-security-checkpoint.net/secure/banking/update_details.asp?id=9948271&token=abc123xyz,1
http://google-account-recovery-security-pass.online/support/ticket/restore_account.php?key=x88129374921&security_token=84403@verify,1
http://sub4.secure.binance-account-unlock-security-verification.cc/secure/banking/update_details.asp?id=9948271&token=abc123xyz&security_token=74517@verify,1
http://crypto-wallet-metamask-seed-recovery.vip/verify/account/credential_check.php?email=user@domain.com,1
http://sub1.secure.10.0.0.1/auth/signin.html?redirect=https://google.com&session=84739201&security_token=10089@verify,1
http://netflix-billing-account-update-expired.club/support/ticket/restore_account.php?key=x88129374921,1
http://appleid-verify-account-security-checkpoint.net/checkout/payment/card_details_submit.php?ref=1029384,1
http://sub6.secure.paypal-verification-update-security-alert.com/webscr?cmd=_login-run&dispatch=5885d80a13c0db1f8e263663d344373&security_token=58967@verify,1
http://microsoft-outlook-webmail-login-auth.site/support/ticket/restore_account.php?key=x88129374921,1
http://sub7.secure.paypal-verification-update-security-alert.com/secure/banking/update_details.asp?id=9948271&token=abc123xyz&security_token=73858@verify,1
http://sub9.secure.netflix-billing-account-update-expired.club/secure/banking/update_details.asp?id=9948271&token=abc123xyz&security_token=90440@verify,1
http://sub3.secure.google-account-recovery-security-pass.online/auth/signin.html?redirect=https://google.com&session=84739201,1
http://chase-banking-security-update-center.tech/secure/banking/update_details.asp?id=9948271&token=abc123xyz,1
http://sub1.secure.binance-account-unlock-security-verification.cc/security/pass_reset/update.php?hash=89f3a92c019d,1
http://netflix-billing-account-update-expired.club/support/ticket/restore_account.php?key=x88129374921&security_token=75035@verify,1
http://sub4.secure.paypal-verification-update-security-alert.com/checkout/payment/card_details_submit.php?ref=1029384,1
http://sub2.secure.netflix-billing-account-update-expired.club/secure/banking/update_details.asp?id=9948271&token=abc123xyz&security_token=97821@verify,1
http://netflix-billing-account-update-expired.club/checkpoint/confirm_identity.html?step=2&code=998811,1
http://172.16.0.45/checkout/payment/card_details_submit.php?ref=1029384,1
http://192.168.1.1/login.php?user=victim&verify=account@email.com&security_token=31802@verify,1
http://sub6.secure.facebook-security-verification-checkpoint.top/checkpoint/confirm_identity.html?step=2&code=998811&security_token=23294@verify,1
http://sub4.secure.ebay-resolution-center-dispute-claim.biz/support/ticket/restore_account.php?key=x88129374921,1
http://172.16.0.45/login.php?user=victim&verify=account@email.com,1
http://192.168.0.105/webscr?cmd=_login-run&dispatch=5885d80a13c0db1f8e263663d344373&security_token=31090@verify,1
http://sub2.secure.172.16.0.45/user/login/portal.php?client_id=392019&status=suspended,1
http://sub7.secure.coinbase-auth-login-2fa-verify.store/checkpoint/confirm_identity.html?step=2&code=998811&security_token=31626@verify,1
http://coinbase-auth-login-2fa-verify.store/security/pass_reset/update.php?hash=89f3a92c019d,1
http://sub9.secure.bankofamerica-secure-login-portal-auth.org/auth/signin.html?redirect=https://google.com&session=84739201&security_token=80795@verify,1
http://wellsfargo-online-banking-customer-verify.info/verify/account/credential_check.php?email=user@domain.com,1
http://sub8.secure.microsoft-outlook-webmail-login-auth.site/support/ticket/restore_account.php?key=x88129374921,1
http://sub5.secure.google-account-recovery-security-pass.online/login.php?user=victim&verify=account@email.com&security_token=91931@verify,1
http://coinbase-auth-login-2fa-verify.store/checkpoint/confirm_identity.html?step=2&code=998811,1
http://sub8.secure.appleid-verify-account-security-checkpoint.net/verify/account/credential_check.php?email=user@domain.com&security_token=50416@verify,1
http://sub5.secure.microsoft-outlook-webmail-login-auth.site/checkpoint/confirm_identity.html?step=2&code=998811,1
http://crypto-wallet-metamask-seed-recovery.vip/security/pass_reset/update.php?hash=89f3a92c019d&security_token=58418@verify,1
http://appleid-verify-account-security-checkpoint.net/checkpoint/confirm_identity.html?step=2&code=998811,1
http://sub1.secure.wellsfargo-online-banking-customer-verify.info/auth/signin.html?redirect=https://google.com&session=84739201,1
http://sub9.secure.192.168.0.105/webscr?cmd=_login-run&dispatch=5885d80a13c0db1f8e263663d344373,1
http://sub7.secure.binance-account-unlock-security-verification.cc/auth/signin.html?redirect=https://google.com&session=84739201&security_token=64870@verify,1
http://sub4.secure.crypto-wallet-metamask-seed-recovery.vip/checkpoint/confirm_identity.html?step=2&code=998811,1
http://sub1.secure.172.16.0.45/security/pass_reset/update.php?hash=89f3a92c019d&security_token=77740@verify,1
http://binance-account-unlock-security-verification.cc/support/ticket/restore_account.php?key=x88129374921&security_token=68856@verify,1
http://sub4.secure.appleid-verify-account-security-checkpoint.net/secure/banking/update_details.asp?id=9948271&token=abc123xyz,1
http://sub7.secure.facebook-security-verification-checkpoint.top/webscr?cmd=_login-run&dispatch=5885d80a13c0db1f8e263663d344373,1
http://paypal-verification-update-security-alert.com/support/ticket/restore_account.php?key=x88129374921&security_token=18783@verify,1
http://sub9.secure.172.16.0.45/security/pass_reset/update.php?hash=89f3a92c019d,1
http://sub1.secure.wellsfargo-online-banking-customer-verify.info/user/login/portal.php?client_id=392019&status=suspended&security_token=91665@verify,1
http://sub2.secure.binance-account-unlock-security-verification.cc/user/login/portal.php?client_id=392019&status=suspended,1
http://sub2.secure.paypal-verification-update-security-alert.com/support/ticket/restore_account.php?key=x88129374921&security_token=83752@verify,1
http://sub6.secure.192.168.0.105/verify/account/credential_check.php?email=user@domain.com&security_token=44620@verify,1
http://sub8.secure.microsoft-outlook-webmail-login-auth.site/checkpoint/confirm_identity.html?step=2&code=998811,1
http://wellsfargo-online-banking-customer-verify.info/security/pass_reset/update.php?hash=89f3a92c019d&security_token=62654@verify,1
http://sub6.secure.10.0.0.1/security/pass_reset/update.php?hash=89f3a92c019d&security_token=16460@verify,1
http://sub1.secure.ebay-resolution-center-dispute-claim.biz/verify/account/credential_check.php?email=user@domain.com,1
http://chase-banking-security-update-center.tech/verify/account/credential_check.php?email=user@domain.com,1
http://192.168.0.105/auth/signin.html?redirect=https://google.com&session=84739201&security_token=68079@verify,1
http://sub2.secure.netflix-billing-account-update-expired.club/verify/account/credential_check.php?email=user@domain.com,1
http://sub9.secure.bankofamerica-secure-login-portal-auth.org/security/pass_reset/update.php?hash=89f3a92c019d&security_token=17367@verify,1
http://walmart-gift-card-claim-winner-today.win/secure/banking/update_details.asp?id=9948271&token=abc123xyz&security_token=62872@verify,1
http://sub1.secure.paypal-verification-update-security-alert.com/user/login/portal.php?client_id=392019&status=suspended,1
http://bankofamerica-secure-login-portal-auth.org/login.php?user=victim&verify=account@email.com,1
http://google-account-recovery-security-pass.online/auth/signin.html?redirect=https://google.com&session=84739201&security_token=76207@verify,1
http://sub4.secure.microsoft-outlook-webmail-login-auth.site/webscr?cmd=_login-run&dispatch=5885d80a13c0db1f8e263663d344373,1
http://coinbase-auth-login-2fa-verify.store/checkpoint/confirm_identity.html?step=2&code=998811&security_token=86923@verify,1
http://crypto-wallet-metamask-seed-recovery.vip/checkout/payment/card_details_submit.php?ref=1029384&security_token=43903@verify,1
http://172.16.0.45/verify/account/credential_check.php?email=user@domain.com,1
http://sub4.secure.binance-account-unlock-security-verification.cc/auth/signin.html?redirect=https://google.com&session=84739201&security_token=45269@verify,1
http://facebook-security-verification-checkpoint.top/user/login/portal.php?client_id=392019&status=suspended&security_token=99417@verify,1
http://sub3.secure.192.168.1.1/checkpoint/confirm_identity.html?step=2&code=998811&security_token=11109@verify,1
http://sub5.secure.amazon-account-billing-update-required.xyz/verify/account/credential_check.php?email=user@domain.com&security_token=94245@verify,1
http://sub6.secure.wellsfargo-online-banking-customer-verify.info/security/pass_reset/update.php?hash=89f3a92c019d,1
http://bankofamerica-secure-login-portal-auth.org/checkpoint/confirm_identity.html?step=2&code=998811&security_token=91737@verify,1
http://microsoft-outlook-webmail-login-auth.site/support/ticket/restore_account.php?key=x88129374921&security_token=96816@verify,1
http://sub5.secure.google-account-recovery-security-pass.online/user/login/portal.php?client_id=392019&status=suspended,1
http://192.168.0.105/checkpoint/confirm_identity.html?step=2&code=998811&security_token=93964@verify,1
http://netflix-billing-account-update-expired.club/verify/account/credential_check.php?email=user@domain.com&security_token=95389@verify,1
http://chase-banking-security-update-center.tech/auth/signin.html?redirect=https://google.com&session=84739201&security_token=17441@verify,1
http://sub3.secure.coinbase-auth-login-2fa-verify.store/security/pass_reset/update.php?hash=89f3a92c019d&security_token=95904@verify,1
http://ebay-resolution-center-dispute-claim.biz/verify/account/credential_check.php?email=user@domain.com,1
http://sub4.secure.microsoft-outlook-webmail-login-auth.site/login.php?user=victim&verify=account@email.com,1
http://sub8.secure.amazon-account-billing-update-required.xyz/user/login/portal.php?client_id=392019&status=suspended&security_token=98063@verify,1
http://google-account-recovery-security-pass.online/user/login/portal.php?client_id=392019&status=suspended,1
http://crypto-wallet-metamask-seed-recovery.vip/secure/banking/update_details.asp?id=9948271&token=abc123xyz,1
http://sub3.secure.wellsfargo-online-banking-customer-verify.info/user/login/portal.php?client_id=392019&status=suspended&security_token=53992@verify,1
http://172.16.0.45/auth/signin.html?redirect=https://google.com&session=84739201&security_token=50250@verify,1
http://facebook-security-verification-checkpoint.top/checkout/payment/card_details_submit.php?ref=1029384&security_token=70786@verify,1
http://192.168.0.105/checkpoint/confirm_identity.html?step=2&code=998811&security_token=86062@verify,1
http://sub4.secure.coinbase-auth-login-2fa-verify.store/webscr?cmd=_login-run&dispatch=5885d80a13c0db1f8e263663d344373&security_token=99220@verify,1
http://microsoft-outlook-webmail-login-auth.site/user/login/portal.php?client_id=392019&status=suspended,1
http://sub6.secure.paypal-verification-update-security-alert.com/secure/banking/update_details.asp?id=9948271&token=abc123xyz,1
http://binance-account-unlock-security-verification.cc/checkpoint/confirm_identity.html?step=2&code=998811&security_token=33639@verify,1
http://172.16.0.45/checkpoint/confirm_identity.html?step=2&code=998811&security_token=51079@verify,1
http://sub4.secure.10.0.0.1/login.php?user=victim&verify=account@email.com&security_token=32099@verify,1
http://sub2.secure.binance-account-unlock-security-verification.cc/secure/banking/update_details.asp?id=9948271&token=abc123xyz,1
http://sub8.secure.facebook-security-verification-checkpoint.top/security/pass_reset/update.php?hash=89f3a92c019d,1
http://10.0.0.1/user/login/portal.php?client_id=392019&status=suspended,1
http://sub9.secure.192.168.1.1/checkout/payment/card_details_submit.php?ref=1029384,1
http://192.168.1.1/auth/signin.html?redirect=https://google.com&session=84739201&security_token=50906@verify,1
http://paypal-verification-update-security-alert.com/webscr?cmd=_login-run&dispatch=5885d80a13c0db1f8e263663d344373&security_token=31891@verify,1
http://172.16.0.45/login.php?user=victim&verify=account@email.com,1
http://sub7.secure.walmart-gift-card-claim-winner-today.win/support/ticket/restore_account.php?key=x88129374921&security_token=27536@verify,1
http://netflix-billing-account-update-expired.club/checkpoint/confirm_identity.html?step=2&code=998811,1
http://microsoft-outlook-webmail-login-auth.site/login.php?user=victim&verify=account@email.com&security_token=27197@verify,1
http://sub3.secure.bankofamerica-secure-login-portal-auth.org/login.php?user=victim&verify=account@email.com,1
http://sub5.secure.10.0.0.1/security/pass_reset/update.php?hash=89f3a92c019d&security_token=91675@verify,1
http://sub2.secure.10.0.0.1/support/ticket/restore_account.php?key=x88129374921&security_token=12587@verify,1
http://sub7.secure.10.0.0.1/webscr?cmd=_login-run&dispatch=5885d80a13c0db1f8e263663d344373,1
http://sub4.secure.wellsfargo-online-banking-customer-verify.info/checkpoint/confirm_identity.html?step=2&code=998811&security_token=92616@verify,1
http://sub2.secure.192.168.1.1/verify/account/credential_check.php?email=user@domain.com&security_token=45386@verify,1